URL,Status,Response Code,Protocol,Method,Content-Type,Client Address,Remote Address,Exception,Request Start Time,Request End Time,Response Start Time,Response End Time,Duration (ms),DNS Duration (ms),Connect Duration (ms),SSL Duration (ms),Request Duration (ms),Response Duration (ms),Latency (ms),Speed (KB/s),Request Speed (KB/s),Response Speed (KB/s),Request Header Size (bytes),Request Body Size (bytes),Response Header Size (bytes),Response Body Size (bytes),Request Compression,Response Compression
https://android.clients.google.com,EXCEPTION,0,https,CONNECT,,/172.24.2.221,android.clients.google.com/0.0.85.17,java.net.ConnectException: Operation timed out (Connection timed out),14 Sep 2017 11:56:12,,,14 Sep 2017 11:57:35,83298,1,,,,,,0.001953125,,,170,,,,,
https://android.clients.google.com,EXCEPTION,0,https,CONNECT,,/172.24.2.221,android.clients.google.com/0.0.85.17,java.net.ConnectException: Operation timed out (Connection timed out),14 Sep 2017 11:56:12,,,14 Sep 2017 11:57:36,83298,2,,,,,,0.001953125,,,167,,,,,
https://play.googleapis.com,EXCEPTION,0,https,CONNECT,,/172.24.2.221,play.googleapis.com/0.0.85.18,java.net.ConnectException: Operation timed out (Connection timed out),14 Sep 2017 11:56:13,,,14 Sep 2017 11:57:37,83327,2,,,,,,0.001953125,,,175,,,,,
http://tracking.i2w.io/api/1/tracking,COMPLETE,200,http,POST,,/172.24.2.221,tracking.i2w.io/0.0.85.20,,14 Sep 2017 11:56:15,14 Sep 2017 11:56:16,14 Sep 2017 11:56:16,14 Sep 2017 11:56:16,542,2,352,,1,1,186,1.25,675.78125,1.953125,334,358,0,2,,
http://musically.muscdn.com/reg02/2016/07/04/09/moov-0589df45-b9b3-4952-b640-6247ed0f3c42.mp4,COMPLETE,200,http,GET,video/mp4,/172.24.2.221,musically.muscdn.com/0.0.85.21,,14 Sep 2017 11:56:16,14 Sep 2017 11:56:17,14 Sep 2017 11:56:17,14 Sep 2017 11:56:21,4589,2,263,,0,4311,13,645.3115,0.0,686.7363,834,,247,3031328,,
http://mus-oss.muscdn.com/reg02/2017/09/10/19/2cdaf174-a9b0-4f2c-903a-4cd0ea3f053a_mxyltQZQls.jpg,COMPLETE,200,http,GET,application/octet-stream,/172.24.2.221,mus-oss.muscdn.com/221.228.217.237,,14 Sep 2017 11:56:18,14 Sep 2017 11:56:18,14 Sep 2017 11:56:18,14 Sep 2017 11:56:18,141,,,,0,122,19,219.49023,0.0,251.96875,213,,752,30726,,
https://musically.muscdn.com/res/usericon/472/icon-237009038469865472-700.jpg,COMPLETE,200,https,GET,image/jpeg,/172.24.2.221,musically.muscdn.com/0.0.84.13,,14 Sep 2017 11:56:18,14 Sep 2017 11:56:18,14 Sep 2017 11:56:18,14 Sep 2017 11:56:18,165,,,,0,146,19,220.43066,0.0,247.83203,192,,0,37052,,
https://events.appsflyer.com/api/v4/androidevent?buildnumber=4.6.7&app_id=com.zhiliaoapp.musically,COMPLETE,200,https,POST,application/json,/172.24.2.221,events.appsflyer.com/0.0.84.15,,14 Sep 2017 11:56:18,14 Sep 2017 11:56:18,14 Sep 2017 11:56:19,14 Sep 2017 11:56:19,250,,,,0,0,250,6.8125,0.0,0.0,290,1450,0,4,,
http://mus-oss.muscdn.com/reg02/2017/09/10/19/271375033732849664_ptCnvSiGmO.mp4,COMPLETE,200,http,GET,application/octet-stream,/172.24.2.221,mus-oss.muscdn.com/221.228.217.237,,14 Sep 2017 11:56:21,14 Sep 2017 11:56:21,14 Sep 2017 11:56:21,14 Sep 2017 11:56:27,5810,1,13,,0,5764,32,681.52246,0.0,686.82324,820,,682,4053180,,
http://mus-oss.muscdn.com/reg02/2017/09/09/20/fb3e0f10-8c89-4918-bf3d-12bd254fb311_gkwzsGuvmT.jpg,COMPLETE,200,http,GET,application/octet-stream,/172.24.2.221,mus-oss.muscdn.com/221.228.217.237,,14 Sep 2017 11:56:26,14 Sep 2017 11:56:26,14 Sep 2017 11:56:26,14 Sep 2017 11:56:26,129,,,,0,106,23,239.7793,0.0,289.84473,213,,754,30707,,
https://musically.muscdn.com/res/usericon/560/icon-235801232152514560-478.jpg,COMPLETE,200,https,GET,image/jpeg,/172.24.2.221,musically.muscdn.com/0.0.84.13,,14 Sep 2017 11:56:26,14 Sep 2017 11:56:26,14 Sep 2017 11:56:26,14 Sep 2017 11:56:27,320,,,,0,248,72,259.8291,0.0,334.5078,192,,0,84949,,
https://events.appsflyer.com/api/v4/androidevent?buildnumber=4.6.7&app_id=com.zhiliaoapp.musically,COMPLETE,200,https,POST,application/json,/172.24.2.221,events.appsflyer.com/0.0.84.15,,14 Sep 2017 11:56:27,14 Sep 2017 11:56:27,14 Sep 2017 11:56:27,14 Sep 2017 11:56:27,260,,,,0,0,260,6.5498047,0.0,0.0,290,1450,0,4,,
http://mus-oss.muscdn.com/reg02/2017/09/09/20/271026103736328192_wryhlMZgjn.mp4,COMPLETE,200,http,GET,application/octet-stream,/172.24.2.221,mus-oss.muscdn.com/221.228.217.237,,14 Sep 2017 11:56:27,14 Sep 2017 11:56:27,14 Sep 2017 11:56:27,14 Sep 2017 11:56:32,5189,2,10,,1,5136,40,683.9707,800.78125,690.8721,820,,680,3632803,,
http://mus-oss.muscdn.com/reg02/2017/09/07/19/6bc9b163-cad5-4621-9f7d-44c26960b111_ezCIuIynhX.jpg,COMPLETE,200,http,GET,application/octet-stream,/172.24.2.221,mus-oss.muscdn.com/221.228.217.237,,14 Sep 2017 11:56:29,14 Sep 2017 11:56:29,14 Sep 2017 11:56:29,14 Sep 2017 11:56:29,102,,,,0,73,29,274.28906,0.0,380.4043,213,,755,27681,,
https://events.appsflyer.com/api/v4/androidevent?buildnumber=4.6.7&app_id=com.zhiliaoapp.musically,COMPLETE,200,https,POST,application/json,/172.24.2.221,events.appsflyer.com/0.0.84.15,,14 Sep 2017 11:56:29,14 Sep 2017 11:56:29,14 Sep 2017 11:56:30,14 Sep 2017 11:56:30,614,,,,0,1,613,2.7734375,0.0,3.90625,290,1450,0,4,,
https://mus-oss.muscdn.com/res/user_v_icon/67/icon_265918081691086848-XiHMpebfqP.jpg,COMPLETE,200,https,GET,image/jpeg,/172.24.2.221,mus-oss.muscdn.com/221.228.217.237,,14 Sep 2017 11:56:30,14 Sep 2017 11:56:30,14 Sep 2017 11:56:30,14 Sep 2017 11:56:31,1526,2,21,730,1,414,358,31.644531,83.984375,116.44141,86,,512,48852,,
http://mus-oss.muscdn.com/reg02/2017/09/07/19/270281465823907840_FRzkEMicCL.mp4,COMPLETE,200,http,GET,application/octet-stream,/172.24.2.221,mus-oss.muscdn.com/221.228.217.237,,14 Sep 2017 11:56:33,14 Sep 2017 11:56:33,14 Sep 2017 11:56:33,14 Sep 2017 11:56:36,3480,2,10,,0,3444,24,673.5967,0.0,680.4053,820,,679,2398879,,
https://aweme.snssdk.com/service/2/app_notify/?allow_notify=1&leave_time=0&iid=14654484745&device_id=38901304519&ac=wifi&channel=aweGW&aid=1128&app_name=aweme&version_code=154&version_name=1.5.4&device_platform=android&ssmix=a&device_type=Phantom6&device_brand=TECNO&os_api=23&os_version=6.0&openudid=9318c794e4c75cb4&manifest_version_code=154&resolution=1080*1806&dpi=480&update_version_code=1541,COMPLETE,200,https,GET,application/json,/172.24.2.221,aweme.snssdk.com/0.0.85.23,,14 Sep 2017 11:56:34,14 Sep 2017 11:56:34,14 Sep 2017 11:56:34,14 Sep 2017 11:56:34,159,2,29,58,0,1,69,3.6845703,0.0,83.00781,515,,0,85,,-30.8%
http://mus-oss.muscdn.com/reg02/2017/07/31/10/d7f1e571-2da8-4956-a567-22aa098d8ad1.jpg,COMPLETE,200,http,GET,application/octet-stream,/172.24.2.221,mus-oss.muscdn.com/221.228.217.237,,14 Sep 2017 11:56:35,14 Sep 2017 11:56:35,14 Sep 2017 11:56:35,14 Sep 2017 11:56:35,184,,,,1,71,112,133.56055,197.26562,343.3506,202,,786,24177,,
https://musically.muscdn.com/res/usericon/40/icon-250286784721367040-347.jpg,COMPLETE,200,https,GET,image/jpeg,/172.24.2.221,musically.muscdn.com/0.0.84.13,,14 Sep 2017 11:56:35,14 Sep 2017 11:56:35,14 Sep 2017 11:56:35,14 Sep 2017 11:56:35,219,,,,0,164,55,252.78613,0.0,336.42578,191,,0,56498,,
http://res01.musical.ly/category/icons/sports_v4.png,COMPLETE,200,http,GET,image/png,/172.24.2.221,res01.musical.ly/0.0.85.25,,14 Sep 2017 11:56:35,14 Sep 2017 11:56:37,14 Sep 2017 11:56:37,14 Sep 2017 11:56:37,2082,2,1816,,0,16,248,2.8242188,0.0,357.2998,168,,300,5554,,
https://events.appsflyer.com/api/v4/androidevent?buildnumber=4.6.7&app_id=com.zhiliaoapp.musically,COMPLETE,200,https,POST,application/json,/172.24.2.221,events.appsflyer.com/0.0.84.15,,14 Sep 2017 11:56:35,14 Sep 2017 11:56:35,14 Sep 2017 11:56:35,14 Sep 2017 11:56:35,255,,,,0,1,254,6.678711,0.0,3.90625,290,1450,0,4,,
http://mus-oss.muscdn.com/reg02/2017/07/31/10/256372055473012736.mp4,COMPLETE,200,http,GET,application/octet-stream,/172.24.2.221,mus-oss.muscdn.com/221.228.217.237,,14 Sep 2017 11:56:36,14 Sep 2017 11:56:36,14 Sep 2017 11:56:36,14 Sep 2017 11:56:42,5757,3,12,,0,5711,31,690.5117,0.0,695.93555,809,,681,4069198,,
http://mus-oss.muscdn.com/reg02/2017/08/08/11/3c5f8a92-6033-4fe9-8415-7b0f00eba0e5_amhJuyUxqR.jpg,COMPLETE,200,http,GET,application/octet-stream,/172.24.2.221,mus-oss.muscdn.com/221.228.217.237,,14 Sep 2017 11:56:39,14 Sep 2017 11:56:39,14 Sep 2017 11:56:39,14 Sep 2017 11:56:39,62,,,,0,50,12,220.15137,0.0,268.82812,213,,786,12978,,
https://musically.muscdn.com/res/usericon/96/icon-251004198694404096-499.jpg,COMPLETE,200,https,GET,image/jpeg,/172.24.2.221,musically.muscdn.com/0.0.84.13,,14 Sep 2017 11:56:39,14 Sep 2017 11:56:39,14 Sep 2017 11:56:39,14 Sep 2017 11:56:39,118,,,,0,101,17,267.05664,0.0,310.15918,191,,0,32078,,
https://events.appsflyer.com/api/v4/androidevent?buildnumber=4.6.7&app_id=com.zhiliaoapp.musically,COMPLETE,200,https,POST,application/json,/172.24.2.221,events.appsflyer.com/0.0.84.15,,14 Sep 2017 11:56:40,14 Sep 2017 11:56:40,14 Sep 2017 11:56:40,14 Sep 2017 11:56:40,247,,,,0,0,247,6.8945312,0.0,0.0,290,1450,0,4,,
https://www.googleapis.com,EXCEPTION,0,https,CONNECT,,/172.24.2.221,www.googleapis.com/0.0.85.27,java.net.ConnectException: Operation timed out (Connection timed out),14 Sep 2017 11:56:42,,,14 Sep 2017 11:58:04,82153,2,,,,,,9.765625E-4,,,153,,,,,
http://mus-oss.muscdn.com/reg02/2017/08/08/11/259295894469230592_iUytAqJHft.mp4,COMPLETE,200,http,GET,application/octet-stream,/172.24.2.221,mus-oss.muscdn.com/221.228.217.237,,14 Sep 2017 11:56:42,14 Sep 2017 11:56:42,14 Sep 2017 11:56:42,14 Sep 2017 11:56:47,5274,2,29,,0,5205,38,670.6416,0.0,679.3779,820,,681,3620354,,
http://music.musical.ly/covers/199/536592199.jpg,COMPLETE,200,http,GET,image/jpeg,/172.24.2.221,music.musical.ly/0.0.85.28,,14 Sep 2017 11:56:42,14 Sep 2017 11:56:43,14 Sep 2017 11:56:43,14 Sep 2017 11:56:43,900,2,720,,0,136,42,52.36621,0.0,345.36523,164,,370,47727,,
https://www.googleapis.com,EXCEPTION,0,https,CONNECT,,/127.0.0.1,www.googleapis.com/0.0.85.30,java.net.ConnectException: Operation timed out (Connection timed out),14 Sep 2017 11:56:43,,,14 Sep 2017 11:58:05,81881,1,,,,,,0.001953125,,,238,,,,,
http://mus-oss.muscdn.com/reg02/2017/09/09/16/dbea0a9d-869b-49fb-b999-8b7d5057f8e1_brZQcNhLzx.jpg,COMPLETE,200,http,GET,application/octet-stream,/172.24.2.221,mus-oss.muscdn.com/221.228.217.237,,14 Sep 2017 11:56:46,14 Sep 2017 11:56:46,14 Sep 2017 11:56:46,14 Sep 2017 11:56:46,148,,,,0,124,24,218.02344,0.0,258.54492,213,,754,32075,,
https://musically.muscdn.com/res/usericon/672/icon-239751411196956672-747.jpg,COMPLETE,200,https,GET,image/jpeg,/172.24.2.221,musically.muscdn.com/0.0.84.13,,14 Sep 2017 11:56:46,14 Sep 2017 11:56:46,14 Sep 2017 11:56:46,14 Sep 2017 11:56:46,179,,,,0,155,24,219.63379,0.0,252.43164,192,,0,40066,,
https://events.appsflyer.com/api/v4/androidevent?buildnumber=4.6.7&app_id=com.zhiliaoapp.musically,COMPLETE,200,https,POST,application/json,/172.24.2.221,events.appsflyer.com/0.0.84.15,,14 Sep 2017 11:56:47,14 Sep 2017 11:56:47,14 Sep 2017 11:56:47,14 Sep 2017 11:56:47,257,,,,0,1,256,6.6259766,0.0,3.90625,290,1450,0,4,,
http://mus-oss.muscdn.com/reg02/2017/09/09/16/270965701044326400_WMxQlaxcPh.mp4,COMPLETE,200,http,GET,application/octet-stream,/172.24.2.221,mus-oss.muscdn.com/221.228.217.237,,14 Sep 2017 11:56:47,14 Sep 2017 11:56:47,14 Sep 2017 11:56:47,14 Sep 2017 11:56:53,5119,3,14,,1,5073,28,684.83887,800.78125,690.8906,820,,680,3588329,,
http://mus-oss.muscdn.com/reg02/2017/09/09/01/5ca4dc64-1f90-4c5c-9133-627f6e70ef3f_fcbjQPqpaS.jpg,COMPLETE,200,http,GET,application/octet-stream,/172.24.2.221,mus-oss.muscdn.com/221.228.217.237,,14 Sep 2017 11:56:53,14 Sep 2017 11:56:53,14 Sep 2017 11:56:53,14 Sep 2017 11:56:53,55,,,,0,40,15,459.5703,0.0,626.709,213,,753,24917,,
https://musically.muscdn.com/res/usericon/912/icon-209410525364006912-382.jpg,COMPLETE,200,https,GET,image/jpeg,/172.24.2.221,musically.muscdn.com/0.0.84.13,,14 Sep 2017 11:56:53,14 Sep 2017 11:56:53,14 Sep 2017 11:56:53,14 Sep 2017 11:56:53,92,,,,0,65,27,430.5039,0.0,606.4453,192,,0,40365,,
http://res01.musical.ly/category/icons/talent_v4.png,COMPLETE,200,http,GET,image/png,/172.24.2.221,res01.musical.ly/0.0.85.25,,14 Sep 2017 11:56:53,14 Sep 2017 11:56:53,14 Sep 2017 11:56:53,14 Sep 2017 11:56:53,244,,,,0,5,239,18.230469,0.0,856.83594,168,,300,4087,,
https://events.appsflyer.com/api/v4/androidevent?buildnumber=4.6.7&app_id=com.zhiliaoapp.musically,COMPLETE,200,https,POST,application/json,/172.24.2.221,events.appsflyer.com/0.0.84.15,,14 Sep 2017 11:56:53,14 Sep 2017 11:56:53,14 Sep 2017 11:56:53,14 Sep 2017 11:56:53,258,,,,0,0,258,6.600586,0.0,0.0,290,1450,0,4,,
http://mus-oss.muscdn.com/reg02/2017/09/09/01/270744997833031680_cnSuBVFvOW.mp4,COMPLETE,200,http,GET,application/octet-stream,/172.24.2.221,mus-oss.muscdn.com/221.228.217.237,,14 Sep 2017 11:56:53,14 Sep 2017 11:56:53,14 Sep 2017 11:56:53,14 Sep 2017 11:56:59,5531,3,17,,0,5476,35,690.8096,0.0,697.60156,820,,681,3911070,,
https://safebrowsing.google.com,EXCEPTION,0,https,CONNECT,,/172.24.2.221,safebrowsing.google.com/0.0.85.32,java.net.ConnectException: Operation timed out (Connection timed out),14 Sep 2017 11:56:55,,,14 Sep 2017 11:58:17,81693,1,,,,,,9.765625E-4,,,135,,,,,
http://mus-oss.muscdn.com/reg02/2017/09/09/12/6acec2a9-e5d3-487c-990e-b509606d8e42_dVWwuzopwu.jpg,COMPLETE,200,http,GET,application/octet-stream,/172.24.2.221,mus-oss.muscdn.com/221.228.217.237,,14 Sep 2017 11:56:56,14 Sep 2017 11:56:56,14 Sep 2017 11:56:56,14 Sep 2017 11:56:56,135,,,,0,117,18,307.18945,0.0,352.67188,213,,752,41501,,
https://events.appsflyer.com/api/v4/androidevent?buildnumber=4.6.7&app_id=com.zhiliaoapp.musically,COMPLETE,200,https,POST,application/json,/172.24.2.221,events.appsflyer.com/0.0.84.15,,14 Sep 2017 11:56:56,14 Sep 2017 11:56:56,14 Sep 2017 11:56:56,14 Sep 2017 11:56:56,251,,,,0,0,251,6.7851562,0.0,0.0,290,1450,0,4,,
http://mus-oss.muscdn.com/reg02/2017/09/09/12/270898919809941504_muXAZwyHlp.mp4,COMPLETE,200,http,GET,application/octet-stream,/172.24.2.221,mus-oss.muscdn.com/221.228.217.237,,14 Sep 2017 11:56:59,14 Sep 2017 11:56:59,14 Sep 2017 11:56:59,14 Sep 2017 11:57:04,5271,3,13,,1,5227,27,684.52637,800.78125,690.13574,820,,679,3693240,,
https://musically.muscdn.com/res/usericon/56/icon-169874621821997056-391.jpg,COMPLETE,200,https,GET,image/jpeg,/172.24.2.221,musically.muscdn.com/0.0.84.13,,14 Sep 2017 11:57:01,14 Sep 2017 11:57:01,14 Sep 2017 11:57:01,14 Sep 2017 11:57:01,267,,,,0,198,69,264.79785,0.0,356.1338,191,,0,72207,,
https://events.appsflyer.com/api/v4/androidevent?buildnumber=4.6.7&app_id=com.zhiliaoapp.musically,COMPLETE,200,https,POST,application/json,/172.24.2.221,events.appsflyer.com/0.0.84.15,,14 Sep 2017 11:57:01,14 Sep 2017 11:57:01,14 Sep 2017 11:57:01,14 Sep 2017 11:57:01,288,,,,1,0,287,5.913086,1699.2188,0.0,290,1450,0,4,,
http://musically.muscdn.com/reg02/2017/06/21/01/241747185162199040.mp4,COMPLETE,200,http,GET,application/octet-stream,/172.24.2.221,musically.muscdn.com/0.0.85.34,,14 Sep 2017 11:57:04,14 Sep 2017 11:57:04,14 Sep 2017 11:57:04,14 Sep 2017 11:57:10,5684,2,107,,0,5556,19,664.54297,0.0,679.70996,811,,195,3866914,,
https://android.clients.google.com,EXCEPTION,0,https,CONNECT,,/172.24.2.221,android.clients.google.com/0.0.85.36,java.net.ConnectException: Operation timed out (Connection timed out),14 Sep 2017 11:57:07,,,14 Sep 2017 11:58:27,80591,2,,,,,,9.765625E-4,,,141,,,,,
http://mus-oss.muscdn.com/reg02/2017/09/09/21/aa1b67e5-88a2-4ab5-9e16-58bf1f5e6e5e_WYiSbXLzyH.jpg,COMPLETE,200,http,GET,application/octet-stream,/172.24.2.221,mus-oss.muscdn.com/221.228.217.237,,14 Sep 2017 11:57:07,14 Sep 2017 11:57:07,14 Sep 2017 11:57:07,14 Sep 2017 11:57:07,112,,,,0,68,44,253.64453,0.0,414.708,213,,753,28124,,
https://musically.muscdn.com/res/usericon/816/icon-243054387433250816-697.jpg,COMPLETE,200,https,GET,image/jpeg,/172.24.2.221,musically.muscdn.com/0.0.84.13,,14 Sep 2017 11:57:07,14 Sep 2017 11:57:07,14 Sep 2017 11:57:07,14 Sep 2017 11:57:07,290,,,,0,53,237,129.00684,0.0,702.3506,192,,0,38118,,
http://res01.musical.ly/category/icons/animal_v4.png,COMPLETE,200,http,GET,image/png,/172.24.2.221,res01.musical.ly/0.0.85.25,,14 Sep 2017 11:57:07,14 Sep 2017 11:57:07,14 Sep 2017 11:57:07,14 Sep 2017 11:57:07,255,,,,0,13,242,15.862305,0.0,298.52734,168,,300,3674,,
https://events.appsflyer.com/api/v4/androidevent?buildnumber=4.6.7&app_id=com.zhiliaoapp.musically,COMPLETE,200,https,POST,application/json,/172.24.2.221,events.appsflyer.com/0.0.84.15,,14 Sep 2017 11:57:07,14 Sep 2017 11:57:07,14 Sep 2017 11:57:07,14 Sep 2017 11:57:07,263,,,,0,0,263,6.475586,0.0,0.0,290,1450,0,4,,
http://mus-oss.muscdn.com/reg02/2017/09/09/21/271041112784461824_lcbwctjVhk.mp4,COMPLETE,200,http,GET,application/octet-stream,/172.24.2.221,mus-oss.muscdn.com/221.228.217.237,,14 Sep 2017 11:57:10,14 Sep 2017 11:57:10,14 Sep 2017 11:57:10,14 Sep 2017 11:57:14,4177,3,10,,1,4139,24,675.16504,800.78125,681.1699,820,,681,2886348,,
http://mus-oss.muscdn.com/reg02/2017/09/10/17/254df9c8-83a4-46ad-a0de-993c67bf89e6_OXyuqyJTTj.jpg,COMPLETE,200,http,GET,application/octet-stream,/172.24.2.221,mus-oss.muscdn.com/221.228.217.237,,14 Sep 2017 11:57:11,14 Sep 2017 11:57:11,14 Sep 2017 11:57:11,14 Sep 2017 11:57:12,406,,,,1,48,357,77.09766,208.00781,647.78613,213,,753,31087,,
http://res01.musical.ly/category/icons/vlog_v4.png,COMPLETE,200,http,GET,image/png,/172.24.2.221,res01.musical.ly/0.0.85.25,,14 Sep 2017 11:57:11,14 Sep 2017 11:57:11,14 Sep 2017 11:57:11,14 Sep 2017 11:57:11,246,,,,0,3,243,13.020508,0.0,1013.6719,166,,300,2814,,
https://events.appsflyer.com/api/v4/androidevent?buildnumber=4.6.7&app_id=com.zhiliaoapp.musically,COMPLETE,200,https,POST,application/json,/172.24.2.221,events.appsflyer.com/0.0.84.15,,14 Sep 2017 11:57:11,14 Sep 2017 11:57:11,14 Sep 2017 11:57:12,14 Sep 2017 11:57:12,253,,,,0,0,253,6.727539,0.0,0.0,290,1449,0,4,,
https://mus-oss.muscdn.com/res/user_v_icon/584/icon_266548341528989696-5R5V96B6B6.jpg,COMPLETE,200,https,GET,image/jpeg,/172.24.2.221,mus-oss.muscdn.com/221.228.217.237,,14 Sep 2017 11:57:12,14 Sep 2017 11:57:12,14 Sep 2017 11:57:12,14 Sep 2017 11:57:12,1226,4,14,794,1,56,357,28.850586,84.96094,630.1094,87,,509,35624,,
https://www.googleapis.com,EXCEPTION,0,https,CONNECT,,/172.24.2.221,www.googleapis.com/0.0.85.38,java.net.ConnectException: Operation timed out (Connection timed out),14 Sep 2017 11:57:13,,,14 Sep 2017 11:58:33,79701,1,,,,,,9.765625E-4,,,153,,,,,
http://mus-oss.muscdn.com/reg02/2017/09/10/17/271343733416325120_IRCEjjOJer.mp4,COMPLETE,200,http,GET,application/octet-stream,/172.24.2.221,mus-oss.muscdn.com/221.228.217.237,,14 Sep 2017 11:57:14,14 Sep 2017 11:57:14,14 Sep 2017 11:57:14,14 Sep 2017 11:57:19,4669,2,10,,0,4634,23,700.14355,0.0,705.2588,820,,680,3345929,,
https://www.googleapis.com,EXCEPTION,0,https,CONNECT,,/127.0.0.1,www.googleapis.com/0.0.85.38,java.net.ConnectException: Operation timed out (Connection timed out),14 Sep 2017 11:57:16,,,14 Sep 2017 11:58:35,79395,3,,,,,,0.001953125,,,238,,,,,
https://nexus.officeapps.live.com/nexus/upload/%7B86124A72-FBD7-9946-B678-B9C8EF2D3816%7D,COMPLETE,201,https,POST,,/127.0.0.1,nexus.officeapps.live.com/0.0.85.39,,14 Sep 2017 11:57:16,14 Sep 2017 11:57:17,14 Sep 2017 11:57:19,14 Sep 2017 11:57:19,2642,2,343,481,0,0,1816,0.42871094,0.0,0.0,377,784,0,0,,
http://api.huoshan.com/hotsoon/sp/?spname=hotsoon&live_sdk_version=261&iid=14833202920&device_id=38901304519&ac=wifi&channel=zb_tengxun_wzl&aid=1112&app_name=live_stream&version_code=261&version_name=2.6.1&device_platform=android&ssmix=a&device_type=Phantom6&device_brand=TECNO&os_api=23&os_version=6.0&openudid=9318c794e4c75cb4&manifest_version_code=261&resolution=1080*1806&dpi=480&update_version_code=2610&ts=1505361446&as=a295ef1b2682195ee9&cp=fe2f955d6f93b1ece2,COMPLETE,200,http,GET,application/json; charset=utf-8,/172.24.2.221,api.huoshan.com/0.0.84.165,,14 Sep 2017 11:57:26,14 Sep 2017 11:57:26,14 Sep 2017 11:57:26,14 Sep 2017 11:57:26,68,,10,,10,0,48,16.371094,66.21094,0.0,678,,309,153,,11.0%
http://mus-oss.muscdn.com/reg02/2017/08/13/14/3e4d09c2-38ac-450c-94f4-9cc0591e0aaf_lNbGclKUGC.jpg,COMPLETE,200,http,GET,application/octet-stream,/172.24.2.221,mus-oss.muscdn.com/221.228.217.237,,14 Sep 2017 11:57:31,14 Sep 2017 11:57:31,14 Sep 2017 11:57:31,14 Sep 2017 11:57:31,139,,,,0,96,43,283.61035,0.0,408.47754,213,,786,39369,,
https://musically.muscdn.com/res/usericon/264/icon-249003020313739264-695.jpg,COMPLETE,200,https,GET,image/jpeg,/172.24.2.221,musically.muscdn.com/0.0.84.13,,14 Sep 2017 11:57:31,14 Sep 2017 11:57:31,14 Sep 2017 11:57:31,14 Sep 2017 11:57:31,153,,,,0,99,54,286.6621,0.0,441.12988,192,,0,44720,,
https://events.appsflyer.com/api/v4/androidevent?buildnumber=4.6.7&app_id=com.zhiliaoapp.musically,COMPLETE,200,https,POST,application/json,/172.24.2.221,events.appsflyer.com/0.0.84.15,,14 Sep 2017 11:57:31,14 Sep 2017 11:57:31,14 Sep 2017 11:57:31,14 Sep 2017 11:57:31,251,,,,0,0,251,6.7851562,0.0,0.0,290,1450,0,4,,
http://mus-oss.muscdn.com/reg02/2017/08/13/14/261144015700471808_iKceuzkVka.mp4,COMPLETE,200,http,GET,application/octet-stream,/172.24.2.221,mus-oss.muscdn.com/221.228.217.237,,14 Sep 2017 11:57:31,14 Sep 2017 11:57:31,14 Sep 2017 11:57:31,14 Sep 2017 11:57:35,3837,3,10,,0,3760,64,690.9697,0.0,704.90625,820,,688,2713373,,
https://e.crashlytics.com/spi/v2/events,COMPLETE,200,https,POST,text/plain; charset=utf-8,/172.24.2.221,e.crashlytics.com/0.0.85.41,,14 Sep 2017 11:57:36,14 Sep 2017 11:57:37,14 Sep 2017 11:57:37,14 Sep 2017 11:57:37,1009,2,239,541,1,1,225,1.3925781,1405.2734,0.0,463,976,0,0,,
http://mus-oss.muscdn.com/reg02/2017/09/08/11/b5630024-91e6-4cf0-a24a-e521c30ef722_lEMfxIGlMz.jpg,COMPLETE,200,http,GET,application/octet-stream,/172.24.2.221,mus-oss.muscdn.com/221.228.217.237,,14 Sep 2017 11:57:37,14 Sep 2017 11:57:37,14 Sep 2017 11:57:37,14 Sep 2017 11:57:37,39,,,,0,24,15,668.64453,0.0,1077.8809,213,,753,25737,,
https://musically.muscdn.com/res/usericon/64/icon-263145761234776064-676.jpg,COMPLETE,200,https,GET,image/jpeg,/172.24.2.221,musically.muscdn.com/0.0.84.13,,14 Sep 2017 11:57:37,14 Sep 2017 11:57:37,14 Sep 2017 11:57:37,14 Sep 2017 11:57:37,104,,,,0,78,26,500.02734,0.0,664.3125,191,,0,53060,,
https://events.appsflyer.com/api/v4/androidevent?buildnumber=4.6.7&app_id=com.zhiliaoapp.musically,COMPLETE,200,https,POST,application/json,/172.24.2.221,events.appsflyer.com/0.0.84.15,,14 Sep 2017 11:57:37,14 Sep 2017 11:57:37,14 Sep 2017 11:57:37,14 Sep 2017 11:57:37,253,,,,0,0,253,6.7314453,0.0,0.0,290,1450,0,4,,
http://mus-oss.muscdn.com/reg02/2017/09/08/11/270531957611032577_yGnNidNdsC.mp4,COMPLETE,200,http,GET,application/octet-stream,/172.24.2.221,mus-oss.muscdn.com/221.228.217.237,,14 Sep 2017 11:57:37,14 Sep 2017 11:57:37,14 Sep 2017 11:57:37,14 Sep 2017 11:57:43,5756,3,14,,1,5705,33,688.97363,800.78125,694.9922,820,,680,4059411,,
https://musically.muscdn.com/res/usericon/57/icon-16040057-517.jpg,COMPLETE,200,https,GET,image/jpeg,/172.24.2.221,musically.muscdn.com/0.0.84.13,,14 Sep 2017 11:57:41,14 Sep 2017 11:57:41,14 Sep 2017 11:57:41,14 Sep 2017 11:57:41,211,,,,0,152,59,247.69043,0.0,342.66992,181,,0,53336,,
https://android.clients.google.com,EXCEPTION,0,https,CONNECT,,/172.24.2.221,android.clients.google.com/0.0.85.44,java.net.ConnectException: Operation timed out (Connection timed out),14 Sep 2017 11:57:41,,,14 Sep 2017 11:59:02,81382,2,,,,,,9.765625E-4,,,141,,,,,
https://me.xdrig.com/v1/92d43560,COMPLETE,200,https,POST,application/octet-stream,/172.24.2.221,me.xdrig.com/0.0.85.45,,14 Sep 2017 11:57:41,14 Sep 2017 11:57:41,14 Sep 2017 11:57:41,14 Sep 2017 11:57:41,186,1,48,92,0,0,45,3.7167969,0.0,0.0,144,561,0,3,,
https://events.appsflyer.com/api/v4/androidevent?buildnumber=4.6.7&app_id=com.zhiliaoapp.musically,COMPLETE,200,https,POST,application/json,/172.24.2.221,events.appsflyer.com/0.0.84.15,,14 Sep 2017 11:57:41,14 Sep 2017 11:57:41,14 Sep 2017 11:57:41,14 Sep 2017 11:57:41,253,,,,0,1,252,6.7314453,0.0,3.90625,290,1450,0,4,,
http://musically.muscdn.com/reg02/2016/12/11/00/moov-172148392029065217.mp4,COMPLETE,200,http,GET,video/mp4,/172.24.2.221,musically.muscdn.com/0.0.85.47,,14 Sep 2017 11:57:43,14 Sep 2017 11:57:43,14 Sep 2017 11:57:43,14 Sep 2017 11:57:45,1388,3,25,,0,1291,69,662.5156,0.0,711.67676,816,,321,940505,,
https://musically.muscdn.com/res/usericon/625/icon-239148754145050625-202.jpg,COMPLETE,200,https,GET,image/jpeg,/172.24.2.221,musically.muscdn.com/0.0.84.13,,14 Sep 2017 11:57:47,14 Sep 2017 11:57:47,14 Sep 2017 11:57:47,14 Sep 2017 11:57:47,21,,,,0,6,15,439.73145,0.0,1507.8125,192,,0,9264,,
https://events.appsflyer.com/api/v4/androidevent?buildnumber=4.6.7&app_id=com.zhiliaoapp.musically,COMPLETE,200,https,POST,application/json,/172.24.2.221,events.appsflyer.com/0.0.84.15,,14 Sep 2017 11:57:47,14 Sep 2017 11:57:47,14 Sep 2017 11:57:47,14 Sep 2017 11:57:47,377,,,,0,1,376,4.5166016,0.0,3.90625,290,1450,0,4,,
http://musically.muscdn.com/reg02/2017/06/13/22/239165779861090304.mp4,COMPLETE,200,http,GET,application/octet-stream,/172.24.2.221,musically.muscdn.com/0.0.85.47,,14 Sep 2017 11:57:47,14 Sep 2017 11:57:47,14 Sep 2017 11:57:47,14 Sep 2017 11:57:49,2044,2,14,,1,1981,46,686.9756,791.9922,708.4238,811,,343,1436726,,
https://www.googleapis.com,EXCEPTION,0,https,CONNECT,,/127.0.0.1,www.googleapis.com/0.0.85.48,java.net.ConnectException: Operation timed out (Connection timed out),14 Sep 2017 11:57:49,,,14 Sep 2017 11:59:10,81030,3,,,,,,0.001953125,,,238,,,,,
http://mus-oss.muscdn.com/reg02/2017/09/07/12/b7fd8929-7bc0-4038-a6dc-4583db1a45ab_KcxhjUKYfg.jpg,COMPLETE,200,http,GET,application/octet-stream,/172.24.2.221,mus-oss.muscdn.com/221.228.217.237,,14 Sep 2017 11:57:58,14 Sep 2017 11:57:58,14 Sep 2017 11:57:58,14 Sep 2017 11:57:58,144,,,,0,124,20,388.70508,0.0,449.72266,213,,753,56351,,
https://musically.muscdn.com/res/usericon/776/icon-249579497744715776-510.jpg,COMPLETE,200,https,GET,image/jpeg,/172.24.2.221,musically.muscdn.com/0.0.84.13,,14 Sep 2017 11:57:58,14 Sep 2017 11:57:58,14 Sep 2017 11:57:58,14 Sep 2017 11:57:58,111,,,,0,31,80,295.17676,0.0,1050.875,192,,0,33359,,
https://events.appsflyer.com/api/v4/androidevent?buildnumber=4.6.7&app_id=com.zhiliaoapp.musically,COMPLETE,200,https,POST,application/json,/172.24.2.221,events.appsflyer.com/0.0.84.15,,14 Sep 2017 11:57:58,14 Sep 2017 11:57:58,14 Sep 2017 11:57:59,14 Sep 2017 11:57:59,651,,,,1,0,650,2.6171875,1700.1953,0.0,290,1451,0,4,,
http://mus-oss.muscdn.com/reg02/2017/09/07/12/270182341308887040_xQZfVUbKxN.mp4,COMPLETE,200,http,GET,application/octet-stream,/172.24.2.221,mus-oss.muscdn.com/221.228.217.237,,14 Sep 2017 11:57:58,14 Sep 2017 11:57:58,14 Sep 2017 11:57:58,14 Sep 2017 11:58:02,3590,2,17,,1,3538,32,695.35156,800.78125,705.3447,820,,680,2554725,,
https://music.163.com/eapi/pl/count,COMPLETE,200,https,POST,text/plain;charset=UTF-8,/127.0.0.1,music.163.com/0.0.85.50,,14 Sep 2017 11:58:05,14 Sep 2017 11:58:05,14 Sep 2017 11:58:05,14 Sep 2017 11:58:05,121,1,36,39,0,8,37,13.098633,0.0,29.296875,704,679,0,240,,9.1%
http://mus-oss.muscdn.com/reg02/2017/09/07/13/70216c53-e3a0-4b26-b39f-834642b42804_bEGpvKCmRr.jpg,COMPLETE,200,http,GET,application/octet-stream,/172.24.2.221,mus-oss.muscdn.com/221.228.217.237,,14 Sep 2017 11:58:06,14 Sep 2017 11:58:06,14 Sep 2017 11:58:06,14 Sep 2017 11:58:06,99,,,,1,85,13,277.96484,208.00781,321.2998,213,,752,27214,,
https://musically.muscdn.com/res/usericon/944/icon-259033984993746944-359.jpg,COMPLETE,200,https,GET,image/jpeg,/172.24.2.221,musically.muscdn.com/0.0.84.13,,14 Sep 2017 11:58:06,14 Sep 2017 11:58:06,14 Sep 2017 11:58:06,14 Sep 2017 11:58:06,90,,,,1,63,26,425.40137,187.5,604.73926,192,,0,39013,,
https://events.appsflyer.com/api/v4/androidevent?buildnumber=4.6.7&app_id=com.zhiliaoapp.musically,COMPLETE,200,https,POST,application/json,/172.24.2.221,events.appsflyer.com/0.0.84.15,,14 Sep 2017 11:58:06,14 Sep 2017 11:58:06,14 Sep 2017 11:58:06,14 Sep 2017 11:58:06,251,,,,0,0,251,6.78125,0.0,0.0,290,1449,0,4,,
http://mus-oss.muscdn.com/reg02/2017/09/07/13/270193836289687552_WsMRLmMKSI.mp4,COMPLETE,200,http,GET,application/octet-stream,/172.24.2.221,mus-oss.muscdn.com/221.228.217.237,,14 Sep 2017 11:58:06,14 Sep 2017 11:58:06,14 Sep 2017 11:58:06,14 Sep 2017 11:58:10,4270,4,14,,0,4202,50,695.3887,0.0,706.4512,820,,683,3039073,,
https://musically.muscdn.com/res/usericon/300/icon-25700300-528.jpg,COMPLETE,200,https,GET,image/jpeg,/172.24.2.221,musically.muscdn.com/0.0.84.13,,14 Sep 2017 11:58:10,14 Sep 2017 11:58:10,14 Sep 2017 11:58:10,14 Sep 2017 11:58:10,99,,,,0,76,23,643.959,0.0,836.50195,182,,0,65100,,
http://res01.musical.ly/category/icons/food_v4.png,COMPLETE,200,http,GET,image/png,/172.24.2.221,res01.musical.ly/0.0.85.52,,14 Sep 2017 11:58:11,14 Sep 2017 11:58:11,14 Sep 2017 11:58:12,14 Sep 2017 11:58:12,1141,3,872,,0,9,257,3.383789,0.0,411.02344,166,,300,3488,,
https://events.appsflyer.com/api/v4/androidevent?buildnumber=4.6.7&app_id=com.zhiliaoapp.musically,COMPLETE,200,https,POST,application/json,/172.24.2.221,events.appsflyer.com/0.0.84.15,,14 Sep 2017 11:58:11,14 Sep 2017 11:58:11,14 Sep 2017 11:58:11,14 Sep 2017 11:58:11,248,,,,0,0,248,6.8632812,0.0,0.0,290,1449,0,4,,
http://musically.muscdn.com/reg02/2017/09/11/19/271738111083339776_VaczdcnNop.mp4,COMPLETE,200,http,GET,application/octet-stream,/172.24.2.221,musically.muscdn.com/0.0.85.54,,14 Sep 2017 11:58:11,14 Sep 2017 11:58:11,14 Sep 2017 11:58:11,14 Sep 2017 11:58:15,3694,3,41,,0,3580,70,685.999,0.0,707.6201,822,,461,2593619,,
https://graph.facebook.com,EXCEPTION,0,https,CONNECT,,/172.24.2.221,graph.facebook.com/0.0.85.56,java.net.ConnectException: Operation timed out (Connection timed out),14 Sep 2017 11:58:13,,,14 Sep 2017 11:59:35,81776,1,,,,,,9.765625E-4,,,132,,,,,
http://mus-oss.muscdn.com/reg02/2017/09/03/22/ac3e2a30-6214-4007-a9e2-541402edf2a0_WVOhyCbYXf.jpg,COMPLETE,200,http,GET,application/octet-stream,/172.24.2.221,mus-oss.muscdn.com/221.228.217.237,,14 Sep 2017 11:58:16,14 Sep 2017 11:58:16,14 Sep 2017 11:58:16,14 Sep 2017 11:58:16,221,,,,0,210,11,116.99707,0.0,122.134766,213,,729,25535,,
https://events.appsflyer.com/api/v4/androidevent?buildnumber=4.6.7&app_id=com.zhiliaoapp.musically,COMPLETE,200,https,POST,application/json,/172.24.2.221,events.appsflyer.com/0.0.84.15,,14 Sep 2017 11:58:16,14 Sep 2017 11:58:16,14 Sep 2017 11:58:17,14 Sep 2017 11:58:17,348,,,,0,0,348,4.8935547,0.0,0.0,290,1450,0,4,,
https://applog.uc.cn/collect?chk=a4213a85&vno=1505361497120&uuid=dbd9eff5-d9fa-4512-8850-98c9b4ae9915&app=290b067655a9&zip=gzip,COMPLETE,200,https,POST,text/plain; charset=UTF-8,/172.24.2.221,applog.uc.cn/0.0.85.58,,14 Sep 2017 11:58:17,14 Sep 2017 11:58:17,14 Sep 2017 11:58:17,14 Sep 2017 11:58:17,181,1,58,85,1,0,36,3.7490234,658.2031,0.0,335,339,0,21,,
http://mus-oss.muscdn.com/reg02/2017/09/06/19/b808d303-3201-45c7-b28e-9b9a433f2320_WCLbxdTLwQ.jpg,COMPLETE,200,http,GET,application/octet-stream,/172.24.2.221,mus-oss.muscdn.com/221.228.217.237,,14 Sep 2017 11:58:22,14 Sep 2017 11:58:22,14 Sep 2017 11:58:22,14 Sep 2017 11:58:22,73,,,,0,62,11,396.89844,0.0,463.96094,213,,751,28705,,
https://musically.muscdn.com/res/usericon/872/icon-249962219608911872-989.jpg,COMPLETE,200,https,GET,image/jpeg,/172.24.2.221,musically.muscdn.com/0.0.84.13,,14 Sep 2017 11:58:22,14 Sep 2017 11:58:22,14 Sep 2017 11:58:22,14 Sep 2017 11:58:22,93,,,,0,74,19,283.94824,0.0,354.3203,192,,0,26849,,
https://safebrowsing.google.com,EXCEPTION,0,https,CONNECT,,/172.24.2.221,safebrowsing.google.com/0.0.85.62,java.net.ConnectException: Operation timed out (Connection timed out),14 Sep 2017 11:58:22,,,14 Sep 2017 11:59:44,81529,2,,,,,,9.765625E-4,,,135,,,,,
https://events.appsflyer.com/api/v4/androidevent?buildnumber=4.6.7&app_id=com.zhiliaoapp.musically,COMPLETE,200,https,POST,application/json,/172.24.2.221,events.appsflyer.com/0.0.84.15,,14 Sep 2017 11:58:22,14 Sep 2017 11:58:22,14 Sep 2017 11:58:23,14 Sep 2017 11:58:23,250,,,,0,0,250,6.8125,0.0,0.0,290,1450,0,4,,
https://www.googleapis.com,EXCEPTION,0,https,CONNECT,,/127.0.0.1,www.googleapis.com/0.0.85.64,java.net.ConnectException: Operation timed out (Connection timed out),14 Sep 2017 11:58:24,,,14 Sep 2017 11:59:46,81453,1,,,,,,0.001953125,,,238,,,,,
https://musically.muscdn.com/res/usericon/978/icon-5259978-93.jpg,COMPLETE,200,https,GET,image/jpeg,/172.24.2.221,musically.muscdn.com/0.0.84.13,,14 Sep 2017 11:58:35,14 Sep 2017 11:58:35,14 Sep 2017 11:58:35,14 Sep 2017 11:58:35,80,,,,0,63,17,644.01855,0.0,815.01074,180,,0,52578,,
https://events.appsflyer.com/api/v4/androidevent?buildnumber=4.6.7&app_id=com.zhiliaoapp.musically,COMPLETE,200,https,POST,application/json,/172.24.2.221,events.appsflyer.com/0.0.84.15,,14 Sep 2017 11:58:35,14 Sep 2017 11:58:35,14 Sep 2017 11:58:35,14 Sep 2017 11:58:35,250,,,,0,0,250,6.8203125,0.0,0.0,290,1452,0,4,,
http://mus-oss.muscdn.com/reg02/2017/09/06/19/269919145020964864_ABJGdzhvlQ.mp4,COMPLETE,200,http,GET,application/octet-stream,/172.24.2.221,mus-oss.muscdn.com/221.228.217.237,,14 Sep 2017 11:58:35,14 Sep 2017 11:58:35,14 Sep 2017 11:58:35,14 Sep 2017 11:58:41,5694,1,10,,0,5658,25,702.1914,0.0,706.5176,820,,682,4092736,,
https://android.clients.google.com,CONNECTING,0,https,CONNECT,,/172.24.2.221,android.clients.google.com/0.0.85.65,,14 Sep 2017 11:58:40,,,,70220,2,,,,,,0.001953125,,,141,,,,,
http://musically.muscdn.com/reg02/2017/09/08/05/270435253817802752_WQpGBdxiaS.mp4,COMPLETE,200,http,GET,application/octet-stream,/172.24.2.221,musically.muscdn.com/0.0.85.67,,14 Sep 2017 11:58:41,14 Sep 2017 11:58:41,14 Sep 2017 11:58:41,14 Sep 2017 11:58:45,4402,2,24,,1,4270,105,675.2471,802.7344,695.9336,822,,376,3042582,,
https://musically.muscdn.com/res/usericon/75/icon-2029075-914.jpg,COMPLETE,200,https,GET,image/jpeg,/172.24.2.221,musically.muscdn.com/0.0.84.13,,14 Sep 2017 11:58:44,14 Sep 2017 11:58:44,14 Sep 2017 11:58:44,14 Sep 2017 11:58:44,289,,,,0,57,232,136.71191,0.0,690.06934,180,,0,40278,,
https://events.appsflyer.com/api/v4/androidevent?buildnumber=4.6.7&app_id=com.zhiliaoapp.musically,COMPLETE,200,https,POST,application/json,/172.24.2.221,events.appsflyer.com/0.0.84.15,,14 Sep 2017 11:58:44,14 Sep 2017 11:58:44,14 Sep 2017 11:58:44,14 Sep 2017 11:58:44,253,,,,0,1,252,6.7353516,0.0,3.90625,290,1451,0,4,,
http://musically.muscdn.com/reg02/2016/12/09/22/moov-171765584202747904.mp4,COMPLETE,200,http,GET,video/mp4,/172.24.2.221,musically.muscdn.com/0.0.85.67,,14 Sep 2017 11:58:45,14 Sep 2017 11:58:46,14 Sep 2017 11:58:46,14 Sep 2017 11:58:51,5131,2,72,,0,5009,48,677.0498,0.0,693.38184,816,,322,3556184,,
http://mus-oss.muscdn.com/reg02/2017/06/20/22/c0113203-a550-44fe-898c-9f92f0523450.jpg,COMPLETE,200,http,GET,application/octet-stream,/172.24.2.221,mus-oss.muscdn.com/221.228.217.237,,14 Sep 2017 11:58:48,14 Sep 2017 11:58:48,14 Sep 2017 11:58:48,14 Sep 2017 11:58:48,127,,,,0,111,16,265.10156,0.0,301.5371,202,,784,33490,,
https://musically.muscdn.com/res/usericon/0/icon-185117337467904000-16.jpg,COMPLETE,200,https,GET,image/jpeg,/172.24.2.221,musically.muscdn.com/0.0.84.13,,14 Sep 2017 11:58:48,14 Sep 2017 11:58:48,14 Sep 2017 11:58:48,14 Sep 2017 11:58:48,187,,,,0,130,57,196.5127,0.0,281.25684,189,,0,37441,,
https://events.appsflyer.com/api/v4/androidevent?buildnumber=4.6.7&app_id=com.zhiliaoapp.musically,COMPLETE,200,https,POST,application/json,/172.24.2.221,events.appsflyer.com/0.0.84.15,,14 Sep 2017 11:58:49,14 Sep 2017 11:58:49,14 Sep 2017 11:58:49,14 Sep 2017 11:58:49,251,,,,0,0,251,6.7851562,0.0,0.0,290,1450,0,4,,
http://mus-oss.muscdn.com/reg02/2017/06/20/22/241699247656452096.mp4,COMPLETE,200,http,GET,application/octet-stream,/172.24.2.221,mus-oss.muscdn.com/221.228.217.237,,14 Sep 2017 11:58:51,14 Sep 2017 11:58:51,14 Sep 2017 11:58:51,14 Sep 2017 11:58:53,1775,2,11,,0,1736,26,688.3291,0.0,703.3369,809,,638,1249660,,
https://musically.muscdn.com/res/usericon/936/icon-222104545932455936-494.jpg,COMPLETE,200,https,GET,image/jpeg,/172.24.2.221,musically.muscdn.com/0.0.84.13,,14 Sep 2017 11:58:53,14 Sep 2017 11:58:53,14 Sep 2017 11:58:53,14 Sep 2017 11:58:53,136,,,,0,116,20,319.87402,0.0,373.4082,192,,0,44355,,
http://mus-oss.muscdn.com/reg02/2017/08/08/17/6b77d917-95ef-4900-a998-ab89160fb2af_TrdOuJZbdS.jpg,COMPLETE,200,http,GET,application/octet-stream,/172.24.2.221,mus-oss.muscdn.com/221.228.217.237,,14 Sep 2017 11:58:53,14 Sep 2017 11:58:53,14 Sep 2017 11:58:53,14 Sep 2017 11:58:53,130,,,,0,119,11,339.55762,0.0,369.19727,213,,785,44204,,
https://events.appsflyer.com/api/v4/androidevent?buildnumber=4.6.7&app_id=com.zhiliaoapp.musically,COMPLETE,200,https,POST,application/json,/172.24.2.221,events.appsflyer.com/0.0.84.15,,14 Sep 2017 11:58:53,14 Sep 2017 11:58:53,14 Sep 2017 11:58:54,14 Sep 2017 11:58:54,262,,,,0,0,262,6.5,0.0,0.0,290,1450,0,4,,
http://mus-oss.muscdn.com/reg02/2017/09/04/10/398245a7-918f-4a15-ad98-a31f7c3d976f_hgTljyOOyz.jpg,COMPLETE,200,http,GET,application/octet-stream,/172.24.2.221,mus-oss.muscdn.com/221.228.217.237,,14 Sep 2017 11:58:56,14 Sep 2017 11:58:56,14 Sep 2017 11:58:56,14 Sep 2017 11:58:56,42,,,,0,30,12,633.6719,0.0,880.208,213,,758,26282,,
https://mus-oss.muscdn.com/res/user_v_icon/0/icon_265125931298754560-HOyJbYVO0Z.jpg,COMPLETE,200,https,GET,image/jpeg,/172.24.2.221,mus-oss.muscdn.com/221.228.217.237,,14 Sep 2017 11:58:56,14 Sep 2017 11:58:56,14 Sep 2017 11:58:56,14 Sep 2017 11:58:56,81,2,13,30,1,25,10,291.8711,83.00781,942.34375,85,,512,23612,,
https://events.appsflyer.com/api/v4/androidevent?buildnumber=4.6.7&app_id=com.zhiliaoapp.musically,COMPLETE,200,https,POST,application/json,/172.24.2.221,events.appsflyer.com/0.0.84.15,,14 Sep 2017 11:58:56,14 Sep 2017 11:58:56,14 Sep 2017 11:58:56,14 Sep 2017 11:58:56,249,,,,1,1,247,6.8398438,1699.2188,3.90625,290,1450,0,4,,
https://events.appsflyer.com/api/v4/androidevent?buildnumber=4.6.7&app_id=com.zhiliaoapp.musically,COMPLETE,200,https,POST,application/json,/172.24.2.221,events.appsflyer.com/0.0.84.15,,14 Sep 2017 11:58:59,14 Sep 2017 11:58:59,14 Sep 2017 11:58:59,14 Sep 2017 11:58:59,263,,,,0,1,262,6.4785156,0.0,3.90625,290,1451,0,4,,
http://mus-oss.muscdn.com/reg02/2017/09/04/10/269065644682244097_IigpxrEQQb.mp4,COMPLETE,200,http,GET,application/octet-stream,/172.24.2.221,mus-oss.muscdn.com/221.228.217.237,,14 Sep 2017 11:58:59,14 Sep 2017 11:58:59,14 Sep 2017 11:58:59,14 Sep 2017 11:59:05,5404,1,9,,0,5372,22,694.01074,0.0,697.9961,820,,681,3838948,,
https://musically-up.muscdn.com/res/user_v_icon/405/icon_6085565-rRWF4nVzQ8.jpg,COMPLETE,200,https,GET,image/jpeg,/172.24.2.221,musically-up.muscdn.com/0.0.85.69,,14 Sep 2017 11:59:00,14 Sep 2017 11:59:00,14 Sep 2017 11:59:00,14 Sep 2017 11:59:00,997,2,720,105,1,108,61,42.54492,81.05469,392.0078,83,,356,42997,,
https://www.googleapis.com,CONNECTING,0,https,CONNECT,,/127.0.0.1,www.googleapis.com/0.0.85.71,,14 Sep 2017 11:59:03,,,,47079,2,,,,,,0.0048828125,,,238,,,,,
http://musically.muscdn.com/reg02/2017/07/10/04/248679657917669376.mp4,CONNECTING,0,http,GET,,/172.24.2.221,musically.muscdn.com/0.0.85.73,,14 Sep 2017 11:59:05,,,,45118,2,,,,,,0.017578125,,,838,,,,,
http://mus-oss.muscdn.com/reg02/2017/09/06/14/b7398199-4c18-4e45-803a-da4ac8b77351_kzCFMXRkmq.jpg,COMPLETE,200,http,GET,application/octet-stream,/172.24.2.221,mus-oss.muscdn.com/221.228.217.237,,14 Sep 2017 11:59:07,14 Sep 2017 11:59:07,14 Sep 2017 11:59:07,14 Sep 2017 11:59:07,40,,,,0,30,10,453.125,0.0,597.2324,213,,754,17593,,
https://mus-oss.muscdn.com/res/user_v_icon/1017/icon_265146808404951040-3gdbsj4BW3.jpg,COMPLETE,200,https,GET,image/jpeg,/172.24.2.221,mus-oss.muscdn.com/221.228.217.237,,14 Sep 2017 11:59:07,14 Sep 2017 11:59:07,14 Sep 2017 11:59:07,14 Sep 2017 11:59:08,154,,,,0,140,14,585.09375,0.0,643.2471,51,,349,91867,,
https://events.appsflyer.com/api/v4/androidevent?buildnumber=4.6.7&app_id=com.zhiliaoapp.musically,COMPLETE,200,https,POST,application/json,/172.24.2.221,events.appsflyer.com/0.0.84.15,,14 Sep 2017 11:59:08,14 Sep 2017 11:59:08,14 Sep 2017 11:59:08,14 Sep 2017 11:59:08,351,,,,0,0,351,4.854492,0.0,0.0,290,1451,0,4,,
http://mus-oss.muscdn.com/reg02/2017/09/06/16/f8be874b-be9b-4909-990f-dfbacf295442_iBJuuXzQLg.jpg,COMPLETE,200,http,GET,application/octet-stream,/172.24.2.221,mus-oss.muscdn.com/221.228.217.237,,14 Sep 2017 11:59:11,14 Sep 2017 11:59:11,14 Sep 2017 11:59:11,14 Sep 2017 11:59:11,59,,,,0,46,13,433.14648,0.0,551.03516,213,,753,25203,,
https://musically.muscdn.com/res/usericon/248/icon-209655889673269248-854.jpg,COMPLETE,200,https,GET,image/jpeg,/172.24.2.221,musically.muscdn.com/0.0.84.13,,14 Sep 2017 11:59:11,14 Sep 2017 11:59:11,14 Sep 2017 11:59:11,14 Sep 2017 11:59:11,48,,,,1,25,22,192.38281,187.5,361.875,192,,0,9264,,
http://mus-oss.muscdn.com/reg02/2017/09/06/14/269849281044295680_xkfjbwNbjI.mp4,COMPLETE,200,http,GET,application/octet-stream,/172.24.2.221,mus-oss.muscdn.com/221.228.217.237,,14 Sep 2017 11:59:11,14 Sep 2017 11:59:11,14 Sep 2017 11:59:11,14 Sep 2017 11:59:17,5937,2,14,,0,5888,33,700.88965,0.0,706.58594,820,,682,4259549,,
https://android.clients.google.com,CONNECTING,0,https,CONNECT,,/172.24.2.221,android.clients.google.com/0.0.85.74,,14 Sep 2017 11:59:14,,,,35983,2,,,,,,0.0029296875,,,141,,,,,
http://musically.muscdn.com/reg02/2017/07/10/04/248679657917669376.mp4,COMPLETE,200,http,GET,application/octet-stream,/172.24.2.221,musically.muscdn.com/0.0.85.75,,14 Sep 2017 11:59:17,14 Sep 2017 11:59:18,14 Sep 2017 11:59:18,14 Sep 2017 11:59:23,5628,3,31,,0,5575,19,687.97363,0.0,694.3721,811,,353,3963681,,
http://mus-oss.muscdn.com/reg02/2017/07/15/01/0067a188-e3b0-4d85-9e8f-4fdc0df9b97a.jpg,COMPLETE,200,http,GET,application/octet-stream,/172.24.2.221,mus-oss.muscdn.com/221.228.217.237,,14 Sep 2017 11:59:19,14 Sep 2017 11:59:19,14 Sep 2017 11:59:19,14 Sep 2017 11:59:20,84,,,,0,70,14,260.99707,0.0,310.3789,202,,787,21461,,
https://musically.muscdn.com/res/usericon/536/icon-235438946250305536-616.jpg,COMPLETE,200,https,GET,image/jpeg,/172.24.2.221,musically.muscdn.com/0.0.84.13,,14 Sep 2017 11:59:19,14 Sep 2017 11:59:19,14 Sep 2017 11:59:20,14 Sep 2017 11:59:20,200,,,,0,144,56,249.46289,0.0,345.17383,192,,0,50898,,
https://events.appsflyer.com/api/v4/androidevent?buildnumber=4.6.7&app_id=com.zhiliaoapp.musically,COMPLETE,200,https,POST,application/json,/172.24.2.221,events.appsflyer.com/0.0.84.15,,14 Sep 2017 11:59:20,14 Sep 2017 11:59:20,14 Sep 2017 11:59:20,14 Sep 2017 11:59:20,250,,,,0,1,249,6.8203125,0.0,3.90625,290,1452,0,4,,
https://music.163.com/eapi/copyright/restrict/,COMPLETE,200,https,POST,text/plain;charset=UTF-8,/127.0.0.1,music.163.com/0.0.85.77,,14 Sep 2017 11:59:32,14 Sep 2017 11:59:32,14 Sep 2017 11:59:32,14 Sep 2017 11:59:32,41,2,15,7,0,0,17,35.79883,0.0,0.0,715,711,0,77,,-108.1%
https://play.googleapis.com,CONNECTING,0,https,CONNECT,,/172.24.2.221,play.googleapis.com/0.0.85.79,,14 Sep 2017 11:59:34,,,,15809,2,,,,,,0.0107421875,,,175,,,,,
https://android.clients.google.com,CONNECTING,0,https,CONNECT,,/172.24.2.221,android.clients.google.com/0.0.85.81,,14 Sep 2017 11:59:44,,,,5893,2,,,,,,0.02734375,,,169,,,,,
https://music.163.com/eapi/copyright/restrict/,COMPLETE,200,https,POST,text/plain;charset=UTF-8,/127.0.0.1,music.163.com/0.0.85.77,,14 Sep 2017 11:59:47,14 Sep 2017 11:59:47,14 Sep 2017 11:59:48,14 Sep 2017 11:59:48,84,,16,14,32,0,22,17.472656,43.51758,0.0,715,711,0,77,,-108.1%
