Domain,Index,FileName,Type,Format,PicW,PicH,Size,CR
bla.gtimg.com,0,bla.gtimg.com-1709141121-0_288x162_78.33kBs_CR.87.png,image,png,288,162,78.33,0.87
mus-oss.muscdn.com,0,mus-oss.muscdn.com-1709141121-0_400x400_41.79kBs_CR5.60.jpeg,image,jpeg,400,400,41.79,5.6
music.muscdn.com,0,music.muscdn.com-1709141121-0_720x720_58.15kBs_CR13.05.jpeg,image,jpeg,720,720,58.15,13.05
music.muscdn.com,1,music.muscdn.com-1709141121-1_75x75_1.70kBs_CR4.84.jpeg,image,jpeg,75,75,1.7,4.84
musically.muscdn.com,0,musically.muscdn.com-1709141121-0_100x100_9.62kBs_CR1.52.jpeg,image,jpeg,100,100,9.62,1.52
musically.muscdn.com,1,musically.muscdn.com-1709141121-1_400x400_36.43kBs_CR6.43.jpeg,image,jpeg,400,400,36.43,6.43
musically.muscdn.com,2,musically.muscdn.com-1709141121-2_400x400_63.88kBs_CR3.66.jpeg,image,jpeg,400,400,63.88,3.66
musically.muscdn.com,3,musically.muscdn.com-1709141121-3_400x400_63.88kBs_CR3.66.jpeg,image,jpeg,400,400,63.88,3.66
musically.muscdn.com,4,musically.muscdn.com-1709141121-4_480x640_12.96kBs_CR34.72.jpeg,image,jpeg,480,640,12.96,34.72
musically.muscdn.com,5,musically.muscdn.com-1709141121-5_400x400_8.49kBs_CR27.60.jpeg,image,jpeg,400,400,8.49,27.6
musically.muscdn.com,6,musically.muscdn.com-1709141121-6_400x400_8.49kBs_CR27.60.jpeg,image,jpeg,400,400,8.49,27.6
musically.muscdn.com,7,musically.muscdn.com-1709141121-7_400x400_41.45kBs_CR5.65.jpeg,image,jpeg,400,400,41.45,5.65
musically.muscdn.com,8,musically.muscdn.com-1709141121-8_400x400_40.98kBs_CR5.71.jpeg,image,jpeg,400,400,40.98,5.71
musically.muscdn.com,9,musically.muscdn.com-1709141121-9_400x400_28.14kBs_CR8.32.jpeg,image,jpeg,400,400,28.14,8.32
musically.muscdn.com,10,musically.muscdn.com-1709141121-10_400x400_17.77kBs_CR13.18.jpeg,image,jpeg,400,400,17.77,13.18
musically.muscdn.com,11,musically.muscdn.com-1709141121-11_400x400_17.77kBs_CR13.18.jpeg,image,jpeg,400,400,17.77,13.18
musically.muscdn.com,12,musically.muscdn.com-1709141121-12_600x600_46.91kBs_CR11.24.jpeg,image,jpeg,600,600,46.91,11.24
p0.pstatp.com,0,p0.pstatp.com-1709141121-0_180x180_11.69kBs_CR4.05.png,image,png,180,180,11.69,4.05
p1.pstatp.com,0,p1.pstatp.com-1709141121-0_100x100_3.16kBs_CR4.63.jpeg,image,jpeg,100,100,3.16,4.63
p1.pstatp.com,1,p1.pstatp.com-1709141121-1_540x960_29.48kBs_CR25.75.jpeg,image,jpeg,540,960,29.48,25.75
p1.pstatp.com,2,p1.pstatp.com-1709141121-2_720x720_46.04kBs_CR16.49.jpeg,image,jpeg,720,720,46.04,16.49
p1.pstatp.com,3,p1.pstatp.com-1709141121-3_540x960_47.01kBs_CR16.15.jpeg,image,jpeg,540,960,47.01,16.15
p1.pstatp.com,4,p1.pstatp.com-1709141121-4_544x960_32.25kBs_CR23.72.jpeg,image,jpeg,544,960,32.25,23.72
p1.pstatp.com,5,p1.pstatp.com-1709141121-5_540x960_31.02kBs_CR24.48.jpeg,image,jpeg,540,960,31.02,24.48
p1.pstatp.com,6,p1.pstatp.com-1709141121-6_540x960_26.50kBs_CR28.65.jpeg,image,jpeg,540,960,26.5,28.65
p1.pstatp.com,0,p1.pstatp.com-1709141121-0_100x100_1.50kBs_CR9.76.webp,image,webp,100,100,1.5,9.76
p1.pstatp.com,1,p1.pstatp.com-1709141121-1_100x100_1.67kBs_CR8.76.webp,image,webp,100,100,1.67,8.76
p1.pstatp.com,2,p1.pstatp.com-1709141121-2_540x960_17.06kBs_CR44.51.webp,image,webp,540,960,17.06,44.51
p1.pstatp.com,3,p1.pstatp.com-1709141121-3_100x100_1.32kBs_CR11.09.webp,image,webp,100,100,1.32,11.09
p1.pstatp.com,4,p1.pstatp.com-1709141121-4_540x960_31.08kBs_CR24.43.webp,image,webp,540,960,31.08,24.43
p1.pstatp.com,5,p1.pstatp.com-1709141121-5_100x100_1.58kBs_CR9.26.webp,image,webp,100,100,1.58,9.26
p1.pstatp.com,6,p1.pstatp.com-1709141121-6_100x100_1.99kBs_CR7.35.webp,image,webp,100,100,1.99,7.35
p1.pstatp.com,7,p1.pstatp.com-1709141121-7_540x960_41.68kBs_CR18.21.webp,image,webp,540,960,41.68,18.21
p1.pstatp.com,8,p1.pstatp.com-1709141121-8_540x960_70.65kBs_CR10.74.webp,image,webp,540,960,70.65,10.74
p1.pstatp.com,7,p1.pstatp.com-1709141121-7_180x180_2.83kBs_CR16.77.jpeg,image,jpeg,180,180,2.83,16.77
p1.pstatp.com,9,p1.pstatp.com-1709141121-9_100x100_1.48kBs_CR9.89.webp,image,webp,100,100,1.48,9.89
p1.pstatp.com,10,p1.pstatp.com-1709141121-10_100x100_2.75kBs_CR5.32.webp,image,webp,100,100,2.75,5.32
p1.pstatp.com,11,p1.pstatp.com-1709141121-11_540x960_9.51kBs_CR79.84.webp,image,webp,540,960,9.51,79.84
p3.pstatp.com,0,p3.pstatp.com-1709141121-0_100x100_2.16kBs_CR6.77.jpeg,image,jpeg,100,100,2.16,6.77
p3.pstatp.com,1,p3.pstatp.com-1709141121-1_100x100_3.68kBs_CR3.97.jpeg,image,jpeg,100,100,3.68,3.97
p3.pstatp.com,2,p3.pstatp.com-1709141121-2_100x100_3.90kBs_CR3.75.jpeg,image,jpeg,100,100,3.9,3.75
p3.pstatp.com,3,p3.pstatp.com-1709141121-3_100x100_3.24kBs_CR4.51.jpeg,image,jpeg,100,100,3.24,4.51
p3.pstatp.com,4,p3.pstatp.com-1709141121-4_100x100_3.24kBs_CR4.51.jpeg,image,jpeg,100,100,3.24,4.51
p3.pstatp.com,5,p3.pstatp.com-1709141121-5_100x100_4.44kBs_CR3.29.jpeg,image,jpeg,100,100,4.44,3.29
p3.pstatp.com,6,p3.pstatp.com-1709141121-6_100x100_2.18kBs_CR6.71.jpeg,image,jpeg,100,100,2.18,6.71
p3.pstatp.com,7,p3.pstatp.com-1709141121-7_100x100_3.75kBs_CR3.90.jpeg,image,jpeg,100,100,3.75,3.9
p3.pstatp.com,8,p3.pstatp.com-1709141121-8_100x100_3.51kBs_CR4.17.jpeg,image,jpeg,100,100,3.51,4.17
p3.pstatp.com,0,p3.pstatp.com-1709141121-0_130x130_9.20kBs_CR2.69.png,image,png,130,130,9.2,2.69
p3.pstatp.com,0,p3.pstatp.com-1709141121-0_540x972_86.27kBs_CR8.91.webp,image,webp,540,972,86.27,8.91
p3.pstatp.com,1,p3.pstatp.com-1709141121-1_100x100_1.31kBs_CR11.17.webp,image,webp,100,100,1.31,11.17
p3.pstatp.com,9,p3.pstatp.com-1709141121-9_542x874_671.56kBs_CR1.03.jpeg,image,jpeg,542,874,671.56,1.03
p3.pstatp.com,2,p3.pstatp.com-1709141121-2_540x960_18.71kBs_CR40.58.webp,image,webp,540,960,18.71,40.58
p3.pstatp.com,3,p3.pstatp.com-1709141121-3_100x100_3.03kBs_CR4.83.webp,image,webp,100,100,3.03,4.83
p3.pstatp.com,4,p3.pstatp.com-1709141121-4_540x960_14.42kBs_CR52.66.webp,image,webp,540,960,14.42,52.66
p3.pstatp.com,5,p3.pstatp.com-1709141121-5_100x100_1.58kBs_CR9.26.webp,image,webp,100,100,1.58,9.26
p3.pstatp.com,6,p3.pstatp.com-1709141121-6_540x960_31.26kBs_CR24.29.webp,image,webp,540,960,31.26,24.29
p3.pstatp.com,7,p3.pstatp.com-1709141121-7_540x960_11.74kBs_CR64.68.webp,image,webp,540,960,11.74,64.68
p3.pstatp.com,8,p3.pstatp.com-1709141121-8_540x960_44.20kBs_CR17.18.webp,image,webp,540,960,44.2,17.18
p3.pstatp.com,9,p3.pstatp.com-1709141121-9_540x960_78.36kBs_CR9.69.webp,image,webp,540,960,78.36,9.69
p3.pstatp.com,10,p3.pstatp.com-1709141121-10_100x100_2.79kBs_CR5.24.webp,image,webp,100,100,2.79,5.24
p3.pstatp.com,11,p3.pstatp.com-1709141121-11_540x960_31.15kBs_CR24.37.webp,image,webp,540,960,31.15,24.37
p3.pstatp.com,12,p3.pstatp.com-1709141121-12_100x100_2.17kBs_CR6.74.webp,image,webp,100,100,2.17,6.74
p3.pstatp.com,13,p3.pstatp.com-1709141121-13_540x960_17.76kBs_CR42.75.webp,image,webp,540,960,17.76,42.75
p3.pstatp.com,14,p3.pstatp.com-1709141121-14_540x960_72.76kBs_CR10.43.webp,image,webp,540,960,72.76,10.43
p3.pstatp.com,15,p3.pstatp.com-1709141121-15_540x960_32.93kBs_CR23.06.webp,image,webp,540,960,32.93,23.06
p3.pstatp.com,16,p3.pstatp.com-1709141121-16_100x100_1.26kBs_CR11.61.webp,image,webp,100,100,1.26,11.61
p3.pstatp.com,17,p3.pstatp.com-1709141121-17_540x960_39.78kBs_CR19.08.webp,image,webp,540,960,39.78,19.08
p3.pstatp.com,10,p3.pstatp.com-1709141121-10_100x100_3.02kBs_CR4.84.jpeg,image,jpeg,100,100,3.02,4.84
p9.pstatp.com,0,p9.pstatp.com-1709141121-0_540x960_36.40kBs_CR20.86.jpeg,image,jpeg,540,960,36.4,20.86
p9.pstatp.com,1,p9.pstatp.com-1709141121-1_540x960_114.09kBs_CR6.65.jpeg,image,jpeg,540,960,114.09,6.65
p9.pstatp.com,2,p9.pstatp.com-1709141121-2_100x100_2.62kBs_CR5.58.jpeg,image,jpeg,100,100,2.62,5.58
p9.pstatp.com,3,p9.pstatp.com-1709141121-3_750x750_68.36kBs_CR12.05.jpeg,image,jpeg,750,750,68.36,12.05
p9.pstatp.com,4,p9.pstatp.com-1709141121-4_540x960_44.08kBs_CR17.22.jpeg,image,jpeg,540,960,44.08,17.22
p9.pstatp.com,5,p9.pstatp.com-1709141121-5_100x100_2.34kBs_CR6.25.jpeg,image,jpeg,100,100,2.34,6.25
p9.pstatp.com,0,p9.pstatp.com-1709141121-0_352x640_7.85kBs_CR42.03.webp,image,webp,352,640,7.85,42.03
p9.pstatp.com,1,p9.pstatp.com-1709141121-1_540x960_62.83kBs_CR12.08.webp,image,webp,540,960,62.83,12.08
p9.pstatp.com,2,p9.pstatp.com-1709141121-2_100x100_2.39kBs_CR6.12.webp,image,webp,100,100,2.39,6.12
puui.qpic.cn,0,puui.qpic.cn-1709141121-0_260x146_916.33kBs_CR.06.gif,image,gif,260,146,916.33,0.06
puui.qpic.cn,0,puui.qpic.cn-1709141121-0.webp_1080x607_95.50kBs_CR10.05.jpeg,image,jpeg,1080,607,95.5,10.05
puui.qpic.cn,1,puui.qpic.cn-1709141121-1.webp_1080x607_102.80kBs_CR9.34.jpeg,image,jpeg,1080,607,102.8,9.34
puui.qpic.cn,2,puui.qpic.cn-1709141121-2.webp_746x422_43.89kBs_CR10.50.jpeg,image,jpeg,746,422,43.89,10.5
puui.qpic.cn,3,puui.qpic.cn-1709141121-3.webp_750x422_98.18kBs_CR4.72.jpeg,image,jpeg,750,422,98.18,4.72
puui.qpic.cn,4,puui.qpic.cn-1709141121-4.webp_498x280_31.92kBs_CR6.39.jpeg,image,jpeg,498,280,31.92,6.39
puui.qpic.cn,1,puui.qpic.cn-1709141121-1_224x126_856.66kBs_CR.04.gif,image,gif,224,126,856.66,0.04
puui.qpic.cn,5,puui.qpic.cn-1709141121-5.webp_330x185_30.80kBs_CR2.90.jpeg,image,jpeg,330,185,30.8,2.9
puui.qpic.cn,6,puui.qpic.cn-1709141121-6.webp_498x280_33.57kBs_CR6.08.jpeg,image,jpeg,498,280,33.57,6.08
puui.qpic.cn,7,puui.qpic.cn-1709141121-7.webp_498x280_28.92kBs_CR7.06.jpeg,image,jpeg,498,280,28.92,7.06
puui.qpic.cn,8,puui.qpic.cn-1709141121-8.webp_498x280_37.58kBs_CR5.43.jpeg,image,jpeg,498,280,37.58,5.43
puui.qpic.cn,9,puui.qpic.cn-1709141121-9.webp_498x280_272.92kBs_CR.74.jpeg,image,jpeg,498,280,272.92,0.74
puui.qpic.cn,10,puui.qpic.cn-1709141121-10.webp_498x280_34.06kBs_CR5.99.jpeg,image,jpeg,498,280,34.06,5.99
puui.qpic.cn,2,puui.qpic.cn-1709141121-2_199x112_268.39kBs_CR.12.gif,image,gif,199,112,268.39,0.12
puui.qpic.cn,11,puui.qpic.cn-1709141121-11.webp_498x280_36.61kBs_CR5.57.jpeg,image,jpeg,498,280,36.61,5.57
puui.qpic.cn,12,puui.qpic.cn-1709141121-12.webp_498x280_44.05kBs_CR4.63.jpeg,image,jpeg,498,280,44.05,4.63
puui.qpic.cn,13,puui.qpic.cn-1709141121-13.webp_498x280_14.15kBs_CR14.43.jpeg,image,jpeg,498,280,14.15,14.43
puui.qpic.cn,14,puui.qpic.cn-1709141121-14.webp_1080x607_114.36kBs_CR8.39.jpeg,image,jpeg,1080,607,114.36,8.39
puui.qpic.cn,15,puui.qpic.cn-1709141121-15.webp_498x280_37.82kBs_CR5.40.jpeg,image,jpeg,498,280,37.82,5.4
puui.qpic.cn,16,puui.qpic.cn-1709141121-16.webp_498x280_45.70kBs_CR4.46.jpeg,image,jpeg,498,280,45.7,4.46
puui.qpic.cn,17,puui.qpic.cn-1709141121-17.webp_498x280_31.58kBs_CR6.46.jpeg,image,jpeg,498,280,31.58,6.46
puui.qpic.cn,18,puui.qpic.cn-1709141121-18.webp_498x280_32.81kBs_CR6.22.jpeg,image,jpeg,498,280,32.81,6.22
puui.qpic.cn,19,puui.qpic.cn-1709141121-19.webp_498x280_45.29kBs_CR4.50.jpeg,image,jpeg,498,280,45.29,4.5
puui.qpic.cn,20,puui.qpic.cn-1709141121-20.webp_498x280_25.14kBs_CR8.12.jpeg,image,jpeg,498,280,25.14,8.12
puui.qpic.cn,21,puui.qpic.cn-1709141121-21.webp_330x185_20.92kBs_CR4.27.jpeg,image,jpeg,330,185,20.92,4.27
puui.qpic.cn,22,puui.qpic.cn-1709141121-22.webp_330x185_28.20kBs_CR3.17.jpeg,image,jpeg,330,185,28.2,3.17
puui.qpic.cn,23,puui.qpic.cn-1709141121-23.webp_330x185_95.64kBs_CR.93.jpeg,image,jpeg,330,185,95.64,0.93
puui.qpic.cn,24,puui.qpic.cn-1709141121-24.webp_330x185_20.16kBs_CR4.43.jpeg,image,jpeg,330,185,20.16,4.43
puui.qpic.cn,0,puui.qpic.cn-1709141121-0_338x190_15.60kBs_CR6.03.jpeg,image,jpeg,338,190,15.6,6.03
puui.qpic.cn,25,puui.qpic.cn-1709141121-25.webp_330x185_24.79kBs_CR3.60.jpeg,image,jpeg,330,185,24.79,3.6
puui.qpic.cn,26,puui.qpic.cn-1709141121-26.webp_680x382_115.37kBs_CR3.29.jpeg,image,jpeg,680,382,115.37,3.29
puui.qpic.cn,27,puui.qpic.cn-1709141121-27.webp_330x185_23.79kBs_CR3.75.jpeg,image,jpeg,330,185,23.79,3.75
puui.qpic.cn,28,puui.qpic.cn-1709141121-28.webp_330x185_18.99kBs_CR4.70.jpeg,image,jpeg,330,185,18.99,4.7
puui.qpic.cn,29,puui.qpic.cn-1709141121-29.webp_330x185_18.59kBs_CR4.81.jpeg,image,jpeg,330,185,18.59,4.81
puui.qpic.cn,30,puui.qpic.cn-1709141121-30.webp_330x185_16.64kBs_CR5.37.jpeg,image,jpeg,330,185,16.64,5.37
puui.qpic.cn,31,puui.qpic.cn-1709141121-31.webp_330x185_14.38kBs_CR6.21.jpeg,image,jpeg,330,185,14.38,6.21
puui.qpic.cn,32,puui.qpic.cn-1709141121-32.webp_330x185_23.50kBs_CR3.80.jpeg,image,jpeg,330,185,23.5,3.8
puui.qpic.cn,33,puui.qpic.cn-1709141121-33.webp_300x450_61.42kBs_CR3.21.jpeg,image,jpeg,300,450,61.42,3.21
puui.qpic.cn,34,puui.qpic.cn-1709141121-34.webp_350x490_23.94kBs_CR10.49.jpeg,image,jpeg,350,490,23.94,10.49
puui.qpic.cn,35,puui.qpic.cn-1709141121-35.webp_330x185_20.45kBs_CR4.37.jpeg,image,jpeg,330,185,20.45,4.37
puui.qpic.cn,36,puui.qpic.cn-1709141121-36.webp_330x185_21.88kBs_CR4.08.jpeg,image,jpeg,330,185,21.88,4.08
puui.qpic.cn,37,puui.qpic.cn-1709141121-37.webp_330x185_15.40kBs_CR5.80.jpeg,image,jpeg,330,185,15.4,5.8
puui.qpic.cn,38,puui.qpic.cn-1709141121-38.webp_330x185_22.91kBs_CR3.90.jpeg,image,jpeg,330,185,22.91,3.9
puui.qpic.cn,1,puui.qpic.cn-1709141121-1_500x281_32.98kBs_CR6.24.jpeg,image,jpeg,500,281,32.98,6.24
puui.qpic.cn,2,puui.qpic.cn-1709141121-2_750x422_143.20kBs_CR3.23.jpeg,image,jpeg,750,422,143.2,3.23
puui.qpic.cn,3,puui.qpic.cn-1709141121-3_500x281_56.93kBs_CR3.61.jpeg,image,jpeg,500,281,56.93,3.61
puui.qpic.cn,0,puui.qpic.cn-1709141121-0_1080x607_482.16kBs_CR1.99.png,image,png,1080,607,482.16,1.99
puui.qpic.cn,4,puui.qpic.cn-1709141121-4_500x281_28.89kBs_CR7.12.jpeg,image,jpeg,500,281,28.89,7.12
puui.qpic.cn,1,puui.qpic.cn-1709141121-1_1080x607_335.04kBs_CR2.86.png,image,png,1080,607,335.04,2.86
puui.qpic.cn,39,puui.qpic.cn-1709141121-39.webp_330x185_16.23kBs_CR5.50.jpeg,image,jpeg,330,185,16.23,5.5
puui.qpic.cn,40,puui.qpic.cn-1709141121-40.webp_330x185_16.65kBs_CR5.37.jpeg,image,jpeg,330,185,16.65,5.37
puui.qpic.cn,41,puui.qpic.cn-1709141121-41.webp_330x185_34.04kBs_CR2.62.jpeg,image,jpeg,330,185,34.04,2.62
puui.qpic.cn,42,puui.qpic.cn-1709141121-42.webp_330x185_22.74kBs_CR3.93.jpeg,image,jpeg,330,185,22.74,3.93
puui.qpic.cn,43,puui.qpic.cn-1709141121-43.webp_1080x607_142.57kBs_CR6.73.jpeg,image,jpeg,1080,607,142.57,6.73
puui.qpic.cn,44,puui.qpic.cn-1709141121-44.webp_498x280_34.03kBs_CR6.00.jpeg,image,jpeg,498,280,34.03,6
puui.qpic.cn,45,puui.qpic.cn-1709141121-45.webp_498x280_54.03kBs_CR3.78.jpeg,image,jpeg,498,280,54.03,3.78
puui.qpic.cn,46,puui.qpic.cn-1709141121-46.webp_498x280_39.31kBs_CR5.19.jpeg,image,jpeg,498,280,39.31,5.19
puui.qpic.cn,47,puui.qpic.cn-1709141121-47.webp_498x280_43.67kBs_CR4.67.jpeg,image,jpeg,498,280,43.67,4.67
puui.qpic.cn,48,puui.qpic.cn-1709141121-48.webp_1080x607_171.52kBs_CR5.59.jpeg,image,jpeg,1080,607,171.52,5.59
puui.qpic.cn,49,puui.qpic.cn-1709141121-49.webp_498x280_43.29kBs_CR4.71.jpeg,image,jpeg,498,280,43.29,4.71
puui.qpic.cn,50,puui.qpic.cn-1709141121-50.webp_498x280_29.51kBs_CR6.92.jpeg,image,jpeg,498,280,29.51,6.92
puui.qpic.cn,51,puui.qpic.cn-1709141121-51.webp_498x280_23.01kBs_CR8.87.jpeg,image,jpeg,498,280,23.01,8.87
puui.qpic.cn,52,puui.qpic.cn-1709141121-52.webp_498x280_41.10kBs_CR4.96.jpeg,image,jpeg,498,280,41.1,4.96
puui.qpic.cn,53,puui.qpic.cn-1709141121-53.webp_1080x607_53.68kBs_CR17.88.jpeg,image,jpeg,1080,607,53.68,17.88
puui.qpic.cn,54,puui.qpic.cn-1709141121-54.webp_498x280_36.34kBs_CR5.62.jpeg,image,jpeg,498,280,36.34,5.62
puui.qpic.cn,55,puui.qpic.cn-1709141121-55.webp_498x280_46.23kBs_CR4.41.jpeg,image,jpeg,498,280,46.23,4.41
puui.qpic.cn,56,puui.qpic.cn-1709141121-56.webp_498x280_66.95kBs_CR3.05.jpeg,image,jpeg,498,280,66.95,3.05
puui.qpic.cn,57,puui.qpic.cn-1709141121-57.webp_498x280_47.00kBs_CR4.34.jpeg,image,jpeg,498,280,47,4.34
puui.qpic.cn,58,puui.qpic.cn-1709141121-58.webp_1080x607_159.12kBs_CR6.03.jpeg,image,jpeg,1080,607,159.12,6.03
puui.qpic.cn,59,puui.qpic.cn-1709141121-59.webp_498x280_35.99kBs_CR5.67.jpeg,image,jpeg,498,280,35.99,5.67
puui.qpic.cn,60,puui.qpic.cn-1709141121-60.webp_498x280_51.01kBs_CR4.00.jpeg,image,jpeg,498,280,51.01,4
puui.qpic.cn,61,puui.qpic.cn-1709141121-61.webp_498x280_19.25kBs_CR10.61.jpeg,image,jpeg,498,280,19.25,10.61
puui.qpic.cn,62,puui.qpic.cn-1709141121-62.webp_498x280_27.05kBs_CR7.55.jpeg,image,jpeg,498,280,27.05,7.55
puui.qpic.cn,63,puui.qpic.cn-1709141121-63.webp_1080x607_151.33kBs_CR6.34.jpeg,image,jpeg,1080,607,151.33,6.34
puui.qpic.cn,64,puui.qpic.cn-1709141121-64.webp_498x280_319.14kBs_CR.64.jpeg,image,jpeg,498,280,319.14,0.64
puui.qpic.cn,65,puui.qpic.cn-1709141121-65.webp_498x280_184.16kBs_CR1.10.jpeg,image,jpeg,498,280,184.16,1.1
puui.qpic.cn,66,puui.qpic.cn-1709141121-66.webp_498x280_177.72kBs_CR1.14.jpeg,image,jpeg,498,280,177.72,1.14
puui.qpic.cn,67,puui.qpic.cn-1709141121-67.webp_498x280_36.21kBs_CR5.64.jpeg,image,jpeg,498,280,36.21,5.64
puui.qpic.cn,68,puui.qpic.cn-1709141121-68.webp_498x280_25.54kBs_CR7.99.jpeg,image,jpeg,498,280,25.54,7.99
puui.qpic.cn,69,puui.qpic.cn-1709141121-69.webp_498x280_50.95kBs_CR4.00.jpeg,image,jpeg,498,280,50.95,4
puui.qpic.cn,70,puui.qpic.cn-1709141121-70.webp_498x280_37.71kBs_CR5.41.jpeg,image,jpeg,498,280,37.71,5.41
puui.qpic.cn,71,puui.qpic.cn-1709141121-71.webp_498x280_59.28kBs_CR3.44.jpeg,image,jpeg,498,280,59.28,3.44
puui.qpic.cn,72,puui.qpic.cn-1709141121-72.webp_1080x607_92.87kBs_CR10.34.jpeg,image,jpeg,1080,607,92.87,10.34
puui.qpic.cn,3,puui.qpic.cn-1709141121-3_602x313_962.71kBs_CR.28.gif,image,gif,602,313,962.71,0.28
puui.qpic.cn,73,puui.qpic.cn-1709141121-73.webp_498x280_21.47kBs_CR9.51.jpeg,image,jpeg,498,280,21.47,9.51
puui.qpic.cn,74,puui.qpic.cn-1709141121-74.webp_498x280_223.70kBs_CR.91.jpeg,image,jpeg,498,280,223.7,0.91
puui.qpic.cn,75,puui.qpic.cn-1709141121-75.webp_498x280_47.04kBs_CR4.34.jpeg,image,jpeg,498,280,47.04,4.34
puui.qpic.cn,76,puui.qpic.cn-1709141121-76.webp_498x280_35.58kBs_CR5.74.jpeg,image,jpeg,498,280,35.58,5.74
puui.qpic.cn,77,puui.qpic.cn-1709141121-77.webp_498x280_35.36kBs_CR5.77.jpeg,image,jpeg,498,280,35.36,5.77
puui.qpic.cn,78,puui.qpic.cn-1709141121-78.webp_1080x607_200.60kBs_CR4.78.jpeg,image,jpeg,1080,607,200.6,4.78
puui.qpic.cn,79,puui.qpic.cn-1709141121-79.webp_498x280_42.19kBs_CR4.84.jpeg,image,jpeg,498,280,42.19,4.84
puui.qpic.cn,80,puui.qpic.cn-1709141121-80.webp_498x280_34.51kBs_CR5.91.jpeg,image,jpeg,498,280,34.51,5.91
puui.qpic.cn,81,puui.qpic.cn-1709141121-81.webp_498x280_245.44kBs_CR.83.jpeg,image,jpeg,498,280,245.44,0.83
puui.qpic.cn,82,puui.qpic.cn-1709141121-82.webp_498x280_31.95kBs_CR6.39.jpeg,image,jpeg,498,280,31.95,6.39
puui.qpic.cn,83,puui.qpic.cn-1709141121-83.webp_1080x607_178.49kBs_CR5.38.jpeg,image,jpeg,1080,607,178.49,5.38
puui.qpic.cn,84,puui.qpic.cn-1709141121-84.webp_498x280_80.70kBs_CR2.53.jpeg,image,jpeg,498,280,80.7,2.53
puui.qpic.cn,85,puui.qpic.cn-1709141121-85.webp_498x280_65.61kBs_CR3.11.jpeg,image,jpeg,498,280,65.61,3.11
splashqqlive.gtimg.com,0,splashqqlive.gtimg.com-1709141121-0_1080x1920_194.01kBs_CR15.65.jpeg,image,jpeg,1080,1920,194.01,15.65
splashqqlive.gtimg.com,1,splashqqlive.gtimg.com-1709141121-1_1080x1920_85.38kBs_CR35.57.jpeg,image,jpeg,1080,1920,85.38,35.57
swa.gtimg.com,0,swa.gtimg.com-1709141121-0_800x450_71.67kBs_CR7.35.jpeg,image,jpeg,800,450,71.67,7.35
swa.gtimg.com,1,swa.gtimg.com-1709141121-1_640x246_47.41kBs_CR4.86.jpeg,image,jpeg,640,246,47.41,4.86
swa.gtimg.com,2,swa.gtimg.com-1709141121-2_640x246_34.74kBs_CR6.63.jpeg,image,jpeg,640,246,34.74,6.63
swa.gtimg.com,3,swa.gtimg.com-1709141121-3_640x246_95.42kBs_CR2.41.jpeg,image,jpeg,640,246,95.42,2.41
wx.qlogo.cn,0,wx.qlogo.cn-1709141121-0_768x769_28.35kBs_CR30.51.jpeg,image,jpeg,768,769,28.35,30.51
wx.qlogo.cn,1,wx.qlogo.cn-1709141121-1_744x750_22.71kBs_CR35.99.jpeg,image,jpeg,744,750,22.71,35.99
wx.qlogo.cn,2,wx.qlogo.cn-1709141121-2_640x640_27.34kBs_CR21.94.jpeg,image,jpeg,640,640,27.34,21.94
wx.qlogo.cn,3,wx.qlogo.cn-1709141121-3_640x640_20.78kBs_CR28.87.jpeg,image,jpeg,640,640,20.78,28.87